id,abn,acn,name,transaction_id,debtor,date_funded,due_date,amount_funded,amount_due,discount_percentage,face_value,sif_batch,inv_number
7073,19155437620,,Jim,07d25ba5-c36a-4caf-bd1f-2bd368381506,Aldi,21/10/2025,23/7/2025,1193.51,6796.03,0,6796.03,NULL,INV-193052
7074,19155437620,,Jim,07d25ba5-c36a-4caf-bd1f-2bd368381506,Coles,21/10/2025,25/8/2025,3071.4,17489.06,0,17489.06,NULL,INV-564592
7075,19155437620,,Jim,07d25ba5-c36a-4caf-bd1f-2bd368381506,Costco,21/10/2025,7/10/2025,2632.66,14990.76,0,14990.76,NULL,INV-764104
7076,19155437620,,Jim,07d25ba5-c36a-4caf-bd1f-2bd368381506,Aldi,21/10/2025,2/8/2025,1393.38,7934.14,0,7934.14,NULL,INV-168292
7077,19155437620,,Jim,07d25ba5-c36a-4caf-bd1f-2bd368381506,Coles,21/10/2025,29/8/2025,2961.96,16865.85,0,16865.85,NULL,INV-424238
7078,19155437620,,Jim,07d25ba5-c36a-4caf-bd1f-2bd368381506,Costco,21/10/2025,3/8/2025,1380.87,7862.91,0,7862.91,NULL,INV-628142
7079,19155437620,,Jim,07d25ba5-c36a-4caf-bd1f-2bd368381506,Aldi,21/10/2025,9/8/2025,3353.97,19098.05,0,19098.05,NULL,INV-610590
7080,19155437620,,Jim,07d25ba5-c36a-4caf-bd1f-2bd368381506,Coles,21/10/2025,25/7/2025,983.17,5598.33,0,5598.33,NULL,INV-455720
7081,19155437620,,Jim,07d25ba5-c36a-4caf-bd1f-2bd368381506,Costco,21/10/2025,13/9/2025,3097.28,17636.38,0,17636.38,NULL,INV-627136
7082,19155437620,,Jim,07d25ba5-c36a-4caf-bd1f-2bd368381506,Aldi,21/10/2025,18/8/2025,3013.47,17159.18,0,17159.18,NULL,INV-759622
7083,19155437620,,Jim,07d25ba5-c36a-4caf-bd1f-2bd368381506,Coles,21/10/2025,15/7/2025,3127.24,17806.99,0,17806.99,NULL,INV-777066
7084,19155437620,,Jim,07d25ba5-c36a-4caf-bd1f-2bd368381506,Costco,21/10/2025,15/8/2025,1592.37,9067.19,0,9067.19,NULL,INV-149929
7085,19155437620,,Jim,07d25ba5-c36a-4caf-bd1f-2bd368381506,Aldi,21/10/2025,6/8/2025,1872.47,10662.12,0,10662.12,NULL,INV-203640
7086,19155437620,,Jim,07d25ba5-c36a-4caf-bd1f-2bd368381506,Coles,21/10/2025,5/8/2025,2426.82,13818.69,0,13818.69,NULL,INV-916732
7087,19155437620,,Jim,07d25ba5-c36a-4caf-bd1f-2bd368381506,Costco,21/10/2025,13/7/2025,3035.09,17282.26,0,17282.26,NULL,INV-412909
7088,19155437620,,Jim,07d25ba5-c36a-4caf-bd1f-2bd368381506,Aldi,21/10/2025,5/10/2025,1618.11,9213.78,0,9213.78,NULL,INV-644534
7089,19155437620,,Jim,07d25ba5-c36a-4caf-bd1f-2bd368381506,Coles,21/10/2025,26/8/2025,1151.15,6554.82,0,6554.82,NULL,INV-253866
7090,19155437620,,Jim,07d25ba5-c36a-4caf-bd1f-2bd368381506,Costco,21/10/2025,2/8/2025,2102.36,11971.15,0,11971.15,NULL,INV-583858
7091,19155437620,,Jim,07d25ba5-c36a-4caf-bd1f-2bd368381506,Aldi,21/10/2025,25/8/2025,2455.27,13980.69,0,13980.69,NULL,INV-781656
7092,19155437620,,Jim,07d25ba5-c36a-4caf-bd1f-2bd368381506,Coles,21/10/2025,22/9/2025,2520.95,14354.68,0,14354.68,NULL,INV-940493
7093,19155437620,,Jim,07d25ba5-c36a-4caf-bd1f-2bd368381506,Costco,21/10/2025,19/8/2025,3412.66,19432.25,0,19432.25,NULL,INV-514713
7094,19155437620,,Jim,07d25ba5-c36a-4caf-bd1f-2bd368381506,Aldi,21/10/2025,4/10/2025,2202.18,12539.57,0,12539.57,NULL,INV-282039
7095,19155437620,,Jim,07d25ba5-c36a-4caf-bd1f-2bd368381506,Coles,21/10/2025,26/7/2025,865.86,4930.33,0,4930.33,NULL,INV-116190
7096,19155437620,,Jim,07d25ba5-c36a-4caf-bd1f-2bd368381506,Costco,21/10/2025,16/8/2025,3428.63,19523.14,0,19523.14,NULL,INV-418780
7097,19155437620,,Jim,07d25ba5-c36a-4caf-bd1f-2bd368381506,Aldi,21/10/2025,12/7/2025,3368.86,19182.84,0,19182.84,NULL,INV-620591
7098,19155437620,,Jim,07d25ba5-c36a-4caf-bd1f-2bd368381506,Coles,21/10/2025,1/8/2025,2124.24,12095.74,0,12095.74,NULL,INV-666381
7099,19155437620,,Jim,07d25ba5-c36a-4caf-bd1f-2bd368381506,Costco,21/10/2025,21/9/2025,3286.72,18715.11,0,18715.11,NULL,INV-416525
7100,19155437620,,Jim,07d25ba5-c36a-4caf-bd1f-2bd368381506,Aldi,21/10/2025,16/8/2025,1943.6,11067.15,0,11067.15,NULL,INV-424348
7101,19155437620,,Jim,07d25ba5-c36a-4caf-bd1f-2bd368381506,Coles,21/10/2025,15/8/2025,1265,7203.09,0,7203.09,NULL,INV-608258
7102,19155437620,,Jim,07d25ba5-c36a-4caf-bd1f-2bd368381506,Costco,21/10/2025,12/9/2025,1322.52,7530.64,0,7530.64,NULL,INV-768428
7103,19155437620,,Jim,07d25ba5-c36a-4caf-bd1f-2bd368381506,Aldi,21/10/2025,1/9/2025,2599.47,14801.81,0,14801.81,NULL,INV-303830
7104,19155437620,,Jim,07d25ba5-c36a-4caf-bd1f-2bd368381506,Coles,21/10/2025,29/7/2025,3495.6,19904.48,0,19904.48,NULL,INV-473250
7105,19155437620,,Jim,07d25ba5-c36a-4caf-bd1f-2bd368381506,Costco,21/10/2025,18/8/2025,826.12,4704.06,0,4704.06,NULL,INV-332813
7106,19155437620,,Jim,07d25ba5-c36a-4caf-bd1f-2bd368381506,Aldi,21/10/2025,1/9/2025,2417.62,13766.33,0,13766.33,NULL,INV-609241
7107,19155437620,,Jim,07d25ba5-c36a-4caf-bd1f-2bd368381506,Coles,21/10/2025,18/8/2025,2533.6,14426.7,0,14426.7,NULL,INV-318083
7108,19155437620,,Jim,07d25ba5-c36a-4caf-bd1f-2bd368381506,Costco,21/10/2025,30/9/2025,2657.62,15132.9,0,15132.9,NULL,INV-655214
7109,19155437620,,Jim,07d25ba5-c36a-4caf-bd1f-2bd368381506,Aldi,21/10/2025,15/7/2025,1078.92,6143.52,0,6143.52,NULL,INV-535161
7110,19155437620,,Jim,07d25ba5-c36a-4caf-bd1f-2bd368381506,Coles,21/10/2025,22/9/2025,1321.09,7522.52,0,7522.52,NULL,INV-902183
7111,19155437620,,Jim,07d25ba5-c36a-4caf-bd1f-2bd368381506,Costco,21/10/2025,4/10/2025,1186.52,6756.25,0,6756.25,NULL,INV-579540
7112,19155437620,,Jim,07d25ba5-c36a-4caf-bd1f-2bd368381506,Aldi,21/10/2025,8/10/2025,2605.78,14837.73,0,14837.73,NULL,INV-942862
7113,19155437620,,Jim,07d25ba5-c36a-4caf-bd1f-2bd368381506,Coles,21/10/2025,7/9/2025,3344.86,19046.14,0,19046.14,NULL,INV-255132
7114,19155437620,,Jim,07d25ba5-c36a-4caf-bd1f-2bd368381506,Costco,21/10/2025,24/7/2025,2844.82,16198.84,0,16198.84,NULL,INV-414132
7115,19155437620,,Jim,07d25ba5-c36a-4caf-bd1f-2bd368381506,Aldi,21/10/2025,17/7/2025,2126.27,12107.3,0,12107.3,NULL,INV-955210
7116,19155437620,,Jim,07d25ba5-c36a-4caf-bd1f-2bd368381506,Coles,21/10/2025,25/7/2025,2381.24,13559.15,0,13559.15,NULL,INV-187122
7117,19155437620,,Jim,07d25ba5-c36a-4caf-bd1f-2bd368381506,Costco,21/10/2025,11/9/2025,2173.98,12379,0,12379,NULL,INV-485112
7118,19155437620,,Jim,07d25ba5-c36a-4caf-bd1f-2bd368381506,Aldi,21/10/2025,2/10/2025,3370.26,19190.82,0,19190.82,NULL,INV-117474
7119,19155437620,,Jim,07d25ba5-c36a-4caf-bd1f-2bd368381506,Coles,21/10/2025,14/7/2025,810.93,4617.57,0,4617.57,NULL,INV-868753
7120,19155437620,,Jim,07d25ba5-c36a-4caf-bd1f-2bd368381506,Costco,21/10/2025,14/7/2025,2957.03,16837.8,0,16837.8,NULL,INV-521938
7121,19155437620,,Jim,07d25ba5-c36a-4caf-bd1f-2bd368381506,Aldi,21/10/2025,19/8/2025,1994.37,11356.27,0,11356.27,NULL,INV-910915
7122,19155437620,,Jim,07d25ba5-c36a-4caf-bd1f-2bd368381506,Coles,21/10/2025,13/7/2025,1435.17,8172.09,0,8172.09,NULL,INV-156536
7123,19155437620,,Jim,07d25ba5-c36a-4caf-bd1f-2bd368381506,Costco,21/10/2025,6/10/2025,986.19,5615.52,0,5615.52,NULL,INV-181651
7124,19155437620,,Jim,07d25ba5-c36a-4caf-bd1f-2bd368381506,Aldi,21/10/2025,30/7/2025,2200.98,12532.72,0,12532.72,NULL,INV-302704
7125,19155437620,,Jim,07d25ba5-c36a-4caf-bd1f-2bd368381506,Coles,21/10/2025,20/8/2025,1246.99,7100.55,0,7100.55,NULL,INV-962151
7126,19155437620,,Jim,07d25ba5-c36a-4caf-bd1f-2bd368381506,Costco,21/10/2025,17/7/2025,1395.94,7948.7,0,7948.7,NULL,INV-839503
7127,19155437620,,Jim,07d25ba5-c36a-4caf-bd1f-2bd368381506,Aldi,21/10/2025,19/7/2025,3034.54,17279.17,0,17279.17,NULL,INV-689378
7128,19155437620,,Jim,07d25ba5-c36a-4caf-bd1f-2bd368381506,Coles,21/10/2025,4/9/2025,2160.04,12299.62,0,12299.62,NULL,INV-625724
7129,19155437620,,Jim,07d25ba5-c36a-4caf-bd1f-2bd368381506,Costco,21/10/2025,31/8/2025,3348.57,19067.29,0,19067.29,NULL,INV-663421
7130,19155437620,,Jim,07d25ba5-c36a-4caf-bd1f-2bd368381506,Aldi,21/10/2025,2/9/2025,3431.06,19536.97,0,19536.97,NULL,INV-613064
7131,19155437620,,Jim,07d25ba5-c36a-4caf-bd1f-2bd368381506,Coles,21/10/2025,15/9/2025,1105.31,6293.82,0,6293.82,NULL,INV-756152
7132,19155437620,,Jim,07d25ba5-c36a-4caf-bd1f-2bd368381506,Costco,21/10/2025,9/8/2025,1441.75,8209.57,0,8209.57,NULL,INV-763196
7133,19155437620,,Jim,07d25ba5-c36a-4caf-bd1f-2bd368381506,Aldi,21/10/2025,19/9/2025,875.35,4984.38,0,4984.38,NULL,INV-688894
7134,19155437620,,Jim,07d25ba5-c36a-4caf-bd1f-2bd368381506,Coles,21/10/2025,22/7/2025,2700.86,15379.11,0,15379.11,NULL,INV-850406
7135,19155437620,,Jim,07d25ba5-c36a-4caf-bd1f-2bd368381506,Costco,21/10/2025,31/8/2025,3426.46,19510.79,0,19510.79,NULL,INV-515558
7136,19155437620,,Jim,07d25ba5-c36a-4caf-bd1f-2bd368381506,Aldi,21/10/2025,24/7/2025,1102.07,6275.38,0,6275.38,NULL,INV-708543
7137,19155437620,,Jim,07d25ba5-c36a-4caf-bd1f-2bd368381506,Coles,21/10/2025,8/8/2025,839.92,4782.65,0,4782.65,NULL,INV-328725
7138,19155437620,,Jim,07d25ba5-c36a-4caf-bd1f-2bd368381506,Costco,21/10/2025,22/9/2025,1996.35,11367.55,0,11367.55,NULL,INV-474325
7139,19155437620,,Jim,07d25ba5-c36a-4caf-bd1f-2bd368381506,Aldi,21/10/2025,20/7/2025,3401.02,19365.96,0,19365.96,NULL,INV-660844
7140,19155437620,,Jim,07d25ba5-c36a-4caf-bd1f-2bd368381506,Coles,21/10/2025,25/9/2025,3187.65,18150.98,0,18150.98,NULL,INV-493728
7141,19155437620,,Jim,07d25ba5-c36a-4caf-bd1f-2bd368381506,Costco,21/10/2025,15/7/2025,2405.54,13697.55,0,13697.55,NULL,INV-828772
7142,19155437620,,Jim,07d25ba5-c36a-4caf-bd1f-2bd368381506,Aldi,21/10/2025,6/9/2025,2455.85,13983.99,0,13983.99,NULL,INV-594507
7143,19155437620,,Jim,07d25ba5-c36a-4caf-bd1f-2bd368381506,Coles,21/10/2025,18/8/2025,2000.88,11393.35,0,11393.35,NULL,INV-557940
7144,19155437620,,Jim,07d25ba5-c36a-4caf-bd1f-2bd368381506,Costco,21/10/2025,17/7/2025,1401.24,7978.9,0,7978.9,NULL,INV-858389
7145,19155437620,,Jim,07d25ba5-c36a-4caf-bd1f-2bd368381506,Aldi,21/10/2025,6/10/2025,3259.59,18560.61,0,18560.61,NULL,INV-590368
7146,19155437620,,Jim,07d25ba5-c36a-4caf-bd1f-2bd368381506,Coles,21/10/2025,28/8/2025,2579.29,14686.91,0,14686.91,NULL,INV-216449
7147,19155437620,,Jim,07d25ba5-c36a-4caf-bd1f-2bd368381506,Costco,21/10/2025,31/8/2025,1412.02,8040.27,0,8040.27,NULL,INV-179740
7148,19155437620,,Jim,07d25ba5-c36a-4caf-bd1f-2bd368381506,Aldi,21/10/2025,26/9/2025,1763.54,10041.89,0,10041.89,NULL,INV-955992
7149,19155437620,,Jim,07d25ba5-c36a-4caf-bd1f-2bd368381506,Coles,21/10/2025,18/9/2025,2797.07,15926.96,0,15926.96,NULL,INV-793329
7150,19155437620,,Jim,07d25ba5-c36a-4caf-bd1f-2bd368381506,Costco,21/10/2025,9/8/2025,2957.32,16839.46,0,16839.46,NULL,INV-844914
7151,19155437620,,Jim,07d25ba5-c36a-4caf-bd1f-2bd368381506,Aldi,21/10/2025,29/7/2025,1001.42,5702.23,0,5702.23,NULL,INV-902944
7152,19155437620,,Jim,07d25ba5-c36a-4caf-bd1f-2bd368381506,Coles,21/10/2025,4/9/2025,1751.43,9972.91,0,9972.91,NULL,INV-521652
7153,19155437620,,Jim,07d25ba5-c36a-4caf-bd1f-2bd368381506,Costco,21/10/2025,1/8/2025,1891.68,10771.52,0,10771.52,NULL,INV-368114
7154,19155437620,,Jim,07d25ba5-c36a-4caf-bd1f-2bd368381506,Aldi,21/10/2025,5/10/2025,3101.79,17662.1,0,17662.1,NULL,INV-345819
7155,19155437620,,Jim,07d25ba5-c36a-4caf-bd1f-2bd368381506,Coles,21/10/2025,26/9/2025,2113.56,12034.96,0,12034.96,NULL,INV-860363
7156,19155437620,,Jim,07d25ba5-c36a-4caf-bd1f-2bd368381506,Costco,21/10/2025,10/9/2025,2237.69,12741.76,0,12741.76,NULL,INV-530960
7157,19155437620,,Jim,07d25ba5-c36a-4caf-bd1f-2bd368381506,Aldi,21/10/2025,28/8/2025,1037.06,5905.19,0,5905.19,NULL,INV-982055
7158,19155437620,,Jim,07d25ba5-c36a-4caf-bd1f-2bd368381506,Coles,21/10/2025,4/9/2025,2706.39,15410.63,0,15410.63,NULL,INV-839928
7159,19155437620,,Jim,07d25ba5-c36a-4caf-bd1f-2bd368381506,Costco,21/10/2025,8/8/2025,2900.49,16515.85,0,16515.85,NULL,INV-176162
7160,19155437620,,Jim,07d25ba5-c36a-4caf-bd1f-2bd368381506,Aldi,21/10/2025,26/9/2025,3036.46,17290.07,0,17290.07,NULL,INV-716615
7161,19155437620,,Jim,07d25ba5-c36a-4caf-bd1f-2bd368381506,Coles,21/10/2025,14/8/2025,3102.24,17664.64,0,17664.64,NULL,INV-826963
7162,19155437620,,Jim,07d25ba5-c36a-4caf-bd1f-2bd368381506,Costco,21/10/2025,23/9/2025,2626.17,14953.8,0,14953.8,NULL,INV-950334
7163,19155437620,,Jim,07d25ba5-c36a-4caf-bd1f-2bd368381506,Aldi,21/10/2025,9/8/2025,2895.37,16486.68,0,16486.68,NULL,INV-615037
7164,19155437620,,Jim,07d25ba5-c36a-4caf-bd1f-2bd368381506,Coles,21/10/2025,30/7/2025,2830.33,16116.37,0,16116.37,NULL,INV-980076
7165,19155437620,,Jim,07d25ba5-c36a-4caf-bd1f-2bd368381506,Costco,21/10/2025,26/7/2025,2515.06,14321.15,0,14321.15,NULL,INV-708825
7166,19155437620,,Jim,07d25ba5-c36a-4caf-bd1f-2bd368381506,Aldi,21/10/2025,30/9/2025,1209.1,6884.82,0,6884.82,NULL,INV-184099
7167,19155437620,,Jim,07d25ba5-c36a-4caf-bd1f-2bd368381506,Coles,21/10/2025,11/8/2025,3239.29,18445.03,0,18445.03,NULL,INV-150194
7168,19155437620,,Jim,07d25ba5-c36a-4caf-bd1f-2bd368381506,Costco,21/10/2025,3/10/2025,1447.17,8240.39,0,8240.39,NULL,INV-689759
7169,19155437620,,Jim,07d25ba5-c36a-4caf-bd1f-2bd368381506,Aldi,21/10/2025,17/7/2025,3083.93,17560.38,0,17560.38,NULL,INV-351815
7170,19155437620,,Jim,07d25ba5-c36a-4caf-bd1f-2bd368381506,Coles,21/10/2025,11/9/2025,1930.94,10995.1,0,10995.1,NULL,INV-348659
7171,19155437620,,Jim,07d25ba5-c36a-4caf-bd1f-2bd368381506,Costco,21/10/2025,24/8/2025,1354.61,7713.36,0,7713.36,NULL,INV-606237
7172,19155437620,,Jim,07d25ba5-c36a-4caf-bd1f-2bd368381506,Aldi,21/10/2025,19/8/2025,1478.08,8416.44,0,8416.44,NULL,INV-965784
7173,19155437620,,Jim,07d25ba5-c36a-4caf-bd1f-2bd368381506,Coles,21/10/2025,15/8/2025,3342.76,19034.19,0,19034.19,NULL,INV-186732
7174,19155437620,,Jim,07d25ba5-c36a-4caf-bd1f-2bd368381506,Costco,21/10/2025,4/9/2025,1536.29,8747.85,0,8747.85,NULL,INV-512754
7175,19155437620,,Jim,07d25ba5-c36a-4caf-bd1f-2bd368381506,Aldi,21/10/2025,2/8/2025,1317.69,7503.14,0,7503.14,NULL,INV-761927
7176,19155437620,,Jim,07d25ba5-c36a-4caf-bd1f-2bd368381506,Coles,21/10/2025,5/10/2025,2088.48,11892.11,0,11892.11,NULL,INV-321641
7177,19155437620,,Jim,07d25ba5-c36a-4caf-bd1f-2bd368381506,Costco,21/10/2025,19/9/2025,772.18,4396.93,0,4396.93,NULL,INV-796641
7178,19155437620,,Jim,07d25ba5-c36a-4caf-bd1f-2bd368381506,Aldi,21/10/2025,4/10/2025,2671.26,15210.58,0,15210.58,NULL,INV-971478
7179,19155437620,,Jim,07d25ba5-c36a-4caf-bd1f-2bd368381506,Coles,21/10/2025,12/9/2025,1176.88,6701.36,0,6701.36,NULL,INV-578519
7180,19155437620,,Jim,07d25ba5-c36a-4caf-bd1f-2bd368381506,Costco,21/10/2025,28/9/2025,3261.44,18571.18,0,18571.18,NULL,INV-621703
7181,19155437620,,Jim,07d25ba5-c36a-4caf-bd1f-2bd368381506,Aldi,21/10/2025,30/8/2025,3342.37,19032.01,0,19032.01,NULL,INV-675848
7182,19155437620,,Jim,07d25ba5-c36a-4caf-bd1f-2bd368381506,Coles,21/10/2025,12/7/2025,2833.1,16132.14,0,16132.14,NULL,INV-734056
7183,19155437620,,Jim,07d25ba5-c36a-4caf-bd1f-2bd368381506,Costco,21/10/2025,13/8/2025,875.66,4986.15,0,4986.15,NULL,INV-994662
7184,19155437620,,Jim,07d25ba5-c36a-4caf-bd1f-2bd368381506,Aldi,21/10/2025,26/8/2025,2671.64,15212.72,0,15212.72,NULL,INV-525127
7185,19155437620,,Jim,07d25ba5-c36a-4caf-bd1f-2bd368381506,Coles,21/10/2025,22/8/2025,3076.85,17520.09,0,17520.09,NULL,INV-673962
7186,19155437620,,Jim,07d25ba5-c36a-4caf-bd1f-2bd368381506,Costco,21/10/2025,18/8/2025,3143.19,17897.84,0,17897.84,NULL,INV-910770
7187,19155437620,,Jim,07d25ba5-c36a-4caf-bd1f-2bd368381506,Aldi,21/10/2025,14/9/2025,3006.01,17116.72,0,17116.72,NULL,INV-761991
7188,19155437620,,Jim,07d25ba5-c36a-4caf-bd1f-2bd368381506,Coles,21/10/2025,4/10/2025,1807.34,10291.3,0,10291.3,NULL,INV-957353
7189,19155437620,,Jim,07d25ba5-c36a-4caf-bd1f-2bd368381506,Costco,21/10/2025,14/7/2025,3294.59,18759.94,0,18759.94,NULL,INV-604861
7190,19155437620,,Jim,07d25ba5-c36a-4caf-bd1f-2bd368381506,Aldi,21/10/2025,25/8/2025,1550.39,8828.16,0,8828.16,NULL,INV-403454
7191,19155437620,,Jim,07d25ba5-c36a-4caf-bd1f-2bd368381506,Coles,21/10/2025,19/7/2025,2791.01,15892.47,0,15892.47,NULL,INV-902611
7192,19155437620,,Jim,07d25ba5-c36a-4caf-bd1f-2bd368381506,Costco,21/10/2025,22/7/2025,3374.88,19217.12,0,19217.12,NULL,INV-418968
7193,19155437620,,Jim,07d25ba5-c36a-4caf-bd1f-2bd368381506,Aldi,21/10/2025,9/8/2025,1641.4,9346.41,0,9346.41,NULL,INV-365782
7194,19155437620,,Jim,07d25ba5-c36a-4caf-bd1f-2bd368381506,Coles,21/10/2025,19/7/2025,2715.3,15461.33,0,15461.33,NULL,INV-282166
7195,19155437620,,Jim,07d25ba5-c36a-4caf-bd1f-2bd368381506,Costco,21/10/2025,28/8/2025,3403.88,19382.21,0,19382.21,NULL,INV-752034
7196,19155437620,,Jim,07d25ba5-c36a-4caf-bd1f-2bd368381506,Aldi,21/10/2025,2/9/2025,3213.2,18296.45,0,18296.45,NULL,INV-439917
7197,19155437620,,Jim,07d25ba5-c36a-4caf-bd1f-2bd368381506,Coles,21/10/2025,29/8/2025,3464.58,19727.84,0,19727.84,NULL,INV-102596
7198,19155437620,,Jim,07d25ba5-c36a-4caf-bd1f-2bd368381506,Costco,21/10/2025,16/8/2025,3379.88,19245.59,0,19245.59,NULL,INV-450050
7199,19155437620,,Jim,07d25ba5-c36a-4caf-bd1f-2bd368381506,Aldi,21/10/2025,29/7/2025,2181.7,12422.93,0,12422.93,NULL,INV-327974
7200,19155437620,,Jim,07d25ba5-c36a-4caf-bd1f-2bd368381506,Coles,21/10/2025,18/9/2025,1061.68,6045.35,0,6045.35,NULL,INV-518157
7201,19155437620,,Jim,07d25ba5-c36a-4caf-bd1f-2bd368381506,Costco,21/10/2025,23/8/2025,2111.15,12021.2,0,12021.2,NULL,INV-743963
7202,19155437620,,Jim,07d25ba5-c36a-4caf-bd1f-2bd368381506,Aldi,21/10/2025,31/7/2025,1993.91,11353.63,0,11353.63,NULL,INV-713264
7203,19155437620,,Jim,07d25ba5-c36a-4caf-bd1f-2bd368381506,Coles,21/10/2025,1/8/2025,2784.1,15853.11,0,15853.11,NULL,INV-198692
7204,19155437620,,Jim,07d25ba5-c36a-4caf-bd1f-2bd368381506,Costco,21/10/2025,5/8/2025,1339.65,7628.16,0,7628.16,NULL,INV-843132
7205,19155437620,,Jim,07d25ba5-c36a-4caf-bd1f-2bd368381506,Aldi,21/10/2025,27/9/2025,1661.65,9461.69,0,9461.69,NULL,INV-124121
7206,19155437620,,Jim,07d25ba5-c36a-4caf-bd1f-2bd368381506,Coles,21/10/2025,13/8/2025,2603.84,14826.67,0,14826.67,NULL,INV-463319
7207,19155437620,,Jim,07d25ba5-c36a-4caf-bd1f-2bd368381506,Costco,21/10/2025,22/7/2025,3373.22,19207.65,0,19207.65,NULL,INV-627769
7208,19155437620,,Jim,07d25ba5-c36a-4caf-bd1f-2bd368381506,Aldi,21/10/2025,31/8/2025,2330.96,13272.83,0,13272.83,NULL,INV-630641
7209,19155437620,,Jim,07d25ba5-c36a-4caf-bd1f-2bd368381506,Coles,21/10/2025,23/7/2025,2570.81,14638.62,0,14638.62,NULL,INV-931923
7210,19155437620,,Jim,07d25ba5-c36a-4caf-bd1f-2bd368381506,Costco,21/10/2025,30/7/2025,2821.86,16068.14,0,16068.14,NULL,INV-393596
7211,19155437620,,Jim,07d25ba5-c36a-4caf-bd1f-2bd368381506,Aldi,21/10/2025,19/9/2025,2068.26,11776.99,0,11776.99,NULL,INV-283079
7212,19155437620,,Jim,07d25ba5-c36a-4caf-bd1f-2bd368381506,Coles,21/10/2025,21/9/2025,2115.39,12045.38,0,12045.38,NULL,INV-348592
7213,19155437620,,Jim,07d25ba5-c36a-4caf-bd1f-2bd368381506,Costco,21/10/2025,20/7/2025,2425.2,13809.49,0,13809.49,NULL,INV-605936
7214,19155437620,,Jim,07d25ba5-c36a-4caf-bd1f-2bd368381506,Aldi,21/10/2025,11/9/2025,3015.67,17171.7,0,17171.7,NULL,INV-287988
7215,19155437620,,Jim,07d25ba5-c36a-4caf-bd1f-2bd368381506,Coles,21/10/2025,12/7/2025,2425.11,13808.96,0,13808.96,NULL,INV-625587
7216,19155437620,,Jim,07d25ba5-c36a-4caf-bd1f-2bd368381506,Costco,21/10/2025,12/7/2025,2352.56,13395.84,0,13395.84,NULL,INV-962204
7217,19155437620,,Jim,07d25ba5-c36a-4caf-bd1f-2bd368381506,Aldi,21/10/2025,14/7/2025,2168.03,12345.11,0,12345.11,NULL,INV-992509
7218,19155437620,,Jim,07d25ba5-c36a-4caf-bd1f-2bd368381506,Coles,21/10/2025,29/9/2025,1578.74,8989.58,0,8989.58,NULL,INV-327143
7219,19155437620,,Jim,07d25ba5-c36a-4caf-bd1f-2bd368381506,Costco,21/10/2025,3/9/2025,3508.31,19976.88,0,19976.88,NULL,INV-197327
7220,19155437620,,Jim,07d25ba5-c36a-4caf-bd1f-2bd368381506,Aldi,21/10/2025,2/8/2025,1108.99,6314.76,0,6314.76,NULL,INV-343532
7221,19155437620,,Jim,07d25ba5-c36a-4caf-bd1f-2bd368381506,Coles,21/10/2025,3/8/2025,2084.29,11868.28,0,11868.28,NULL,INV-340092
7222,19155437620,,Jim,07d25ba5-c36a-4caf-bd1f-2bd368381506,Costco,21/10/2025,18/8/2025,2733.26,15563.59,0,15563.59,NULL,INV-254798
7223,19155437620,,Jim,07d25ba5-c36a-4caf-bd1f-2bd368381506,Aldi,21/10/2025,31/8/2025,828.58,4718.09,0,4718.09,NULL,INV-909300
7224,19155437620,,Jim,07d25ba5-c36a-4caf-bd1f-2bd368381506,Coles,21/10/2025,5/9/2025,1773.92,10100.96,0,10100.96,NULL,INV-100792
7225,19155437620,,Jim,07d25ba5-c36a-4caf-bd1f-2bd368381506,Costco,21/10/2025,12/7/2025,2045.68,11648.42,0,11648.42,NULL,INV-131989
7226,19155437620,,Jim,07d25ba5-c36a-4caf-bd1f-2bd368381506,Aldi,21/10/2025,28/8/2025,870.34,4955.88,0,4955.88,NULL,INV-302333
7227,19155437620,,Jim,07d25ba5-c36a-4caf-bd1f-2bd368381506,Coles,21/10/2025,25/9/2025,1805.18,10278.96,0,10278.96,NULL,INV-554124
7228,19155437620,,Jim,07d25ba5-c36a-4caf-bd1f-2bd368381506,Costco,21/10/2025,1/9/2025,1960.17,11161.5,0,11161.5,NULL,INV-209680
7229,19155437620,,Jim,07d25ba5-c36a-4caf-bd1f-2bd368381506,Aldi,21/10/2025,26/8/2025,2999.58,17080.09,0,17080.09,NULL,INV-925001
7230,19155437620,,Jim,07d25ba5-c36a-4caf-bd1f-2bd368381506,Coles,21/10/2025,13/9/2025,3153.51,17956.57,0,17956.57,NULL,INV-871340
7231,19155437620,,Jim,07d25ba5-c36a-4caf-bd1f-2bd368381506,Costco,21/10/2025,21/8/2025,1273.92,7253.91,0,7253.91,NULL,INV-569369
7232,19155437620,,Jim,07d25ba5-c36a-4caf-bd1f-2bd368381506,Aldi,21/10/2025,23/9/2025,2561.24,14584.08,0,14584.08,NULL,INV-557638
7233,19155437620,,Jim,07d25ba5-c36a-4caf-bd1f-2bd368381506,Coles,21/10/2025,27/9/2025,1760.29,10023.35,0,10023.35,NULL,INV-138913
7234,19155437620,,Jim,07d25ba5-c36a-4caf-bd1f-2bd368381506,Costco,21/10/2025,17/7/2025,1977.8,11261.89,0,11261.89,NULL,INV-300115
7235,19155437620,,Jim,07d25ba5-c36a-4caf-bd1f-2bd368381506,Aldi,21/10/2025,1/8/2025,1752.63,9979.77,0,9979.77,NULL,INV-387785
7236,19155437620,,Jim,07d25ba5-c36a-4caf-bd1f-2bd368381506,Coles,21/10/2025,3/9/2025,2802.68,15958.91,0,15958.91,NULL,INV-154023
7237,19155437620,,Jim,07d25ba5-c36a-4caf-bd1f-2bd368381506,Costco,21/10/2025,20/7/2025,1245.65,7092.91,0,7092.91,NULL,INV-596945
7238,19155437620,,Jim,07d25ba5-c36a-4caf-bd1f-2bd368381506,Aldi,21/10/2025,15/9/2025,1553.14,8843.81,0,8843.81,NULL,INV-634977
7239,19155437620,,Jim,07d25ba5-c36a-4caf-bd1f-2bd368381506,Coles,21/10/2025,18/9/2025,1137.23,6475.59,0,6475.59,NULL,INV-815614
7240,19155437620,,Jim,07d25ba5-c36a-4caf-bd1f-2bd368381506,Costco,21/10/2025,1/8/2025,1257.93,7162.87,0,7162.87,NULL,INV-410317
7241,19155437620,,Jim,07d25ba5-c36a-4caf-bd1f-2bd368381506,Aldi,21/10/2025,23/8/2025,1575.93,8973.62,0,8973.62,NULL,INV-733597
7242,19155437620,,Jim,07d25ba5-c36a-4caf-bd1f-2bd368381506,Coles,21/10/2025,27/9/2025,3000.47,17085.14,0,17085.14,NULL,INV-593380
7243,19155437620,,Jim,07d25ba5-c36a-4caf-bd1f-2bd368381506,Costco,21/10/2025,30/8/2025,2315.71,13186.01,0,13186.01,NULL,INV-848899
7244,19155437620,,Jim,07d25ba5-c36a-4caf-bd1f-2bd368381506,Aldi,21/10/2025,5/10/2025,2054.41,11698.12,0,11698.12,NULL,INV-364920
7245,19155437620,,Jim,07d25ba5-c36a-4caf-bd1f-2bd368381506,Coles,21/10/2025,1/8/2025,2030.34,11561.1,0,11561.1,NULL,INV-656902
7246,19155437620,,Jim,07d25ba5-c36a-4caf-bd1f-2bd368381506,Costco,21/10/2025,9/10/2025,1029.81,5863.92,0,5863.92,NULL,INV-506384
7247,19155437620,,Jim,07d25ba5-c36a-4caf-bd1f-2bd368381506,Aldi,21/10/2025,8/9/2025,2932.11,16695.91,0,16695.91,NULL,INV-648341
7248,19155437620,,Jim,07d25ba5-c36a-4caf-bd1f-2bd368381506,Coles,21/10/2025,17/8/2025,3294.98,18762.11,0,18762.11,NULL,INV-503955
7249,19155437620,,Jim,07d25ba5-c36a-4caf-bd1f-2bd368381506,Costco,21/10/2025,20/8/2025,1685.3,9596.39,0,9596.39,NULL,INV-365332
7250,19155437620,,Jim,07d25ba5-c36a-4caf-bd1f-2bd368381506,Aldi,21/10/2025,3/10/2025,871.35,4961.58,0,4961.58,NULL,INV-763703
7251,19155437620,,Jim,07d25ba5-c36a-4caf-bd1f-2bd368381506,Coles,21/10/2025,18/8/2025,1475.42,8401.25,0,8401.25,NULL,INV-840908
7252,19155437620,,Jim,07d25ba5-c36a-4caf-bd1f-2bd368381506,Costco,21/10/2025,13/9/2025,2426.54,13817.12,0,13817.12,NULL,INV-776736
7253,19155437620,,Jim,07d25ba5-c36a-4caf-bd1f-2bd368381506,Aldi,21/10/2025,15/8/2025,2656.05,15123.98,0,15123.98,NULL,INV-148095
7254,19155437620,,Jim,07d25ba5-c36a-4caf-bd1f-2bd368381506,Coles,21/10/2025,3/10/2025,2703.27,15392.82,0,15392.82,NULL,INV-686591
7255,19155437620,,Jim,07d25ba5-c36a-4caf-bd1f-2bd368381506,Costco,21/10/2025,9/9/2025,2723.77,15509.6,0,15509.6,NULL,INV-163683
7256,19155437620,,Jim,07d25ba5-c36a-4caf-bd1f-2bd368381506,Aldi,21/10/2025,21/7/2025,1831.57,10429.23,0,10429.23,NULL,INV-777903
7257,19155437620,,Jim,07d25ba5-c36a-4caf-bd1f-2bd368381506,Coles,21/10/2025,14/7/2025,3241.24,18456.13,0,18456.13,NULL,INV-178504
7258,19155437620,,Jim,07d25ba5-c36a-4caf-bd1f-2bd368381506,Costco,21/10/2025,21/8/2025,1069.95,6092.48,0,6092.48,NULL,INV-962992
7259,19155437620,,Jim,07d25ba5-c36a-4caf-bd1f-2bd368381506,Aldi,21/10/2025,10/9/2025,3420.38,19476.16,0,19476.16,NULL,INV-364023
7260,19155437620,,Jim,07d25ba5-c36a-4caf-bd1f-2bd368381506,Coles,21/10/2025,8/8/2025,3217.69,18322.01,0,18322.01,NULL,INV-525797
7261,19155437620,,Jim,07d25ba5-c36a-4caf-bd1f-2bd368381506,Costco,21/10/2025,5/8/2025,2852.7,16243.74,0,16243.74,NULL,INV-250966
7262,19155437620,,Jim,07d25ba5-c36a-4caf-bd1f-2bd368381506,Aldi,21/10/2025,27/8/2025,1293.83,7367.28,0,7367.28,NULL,INV-720760
7263,19155437620,,Jim,07d25ba5-c36a-4caf-bd1f-2bd368381506,Coles,21/10/2025,13/7/2025,2135.65,12160.72,0,12160.72,NULL,INV-129070
7264,19155437620,,Jim,07d25ba5-c36a-4caf-bd1f-2bd368381506,Costco,21/10/2025,8/8/2025,1942.06,11058.42,0,11058.42,NULL,INV-844605
7265,19155437620,,Jim,07d25ba5-c36a-4caf-bd1f-2bd368381506,Aldi,21/10/2025,30/7/2025,2587.87,14735.72,0,14735.72,NULL,INV-298770
7266,19155437620,,Jim,07d25ba5-c36a-4caf-bd1f-2bd368381506,Coles,21/10/2025,9/9/2025,3077.28,17522.54,0,17522.54,NULL,INV-618577
7267,19155437620,,Jim,07d25ba5-c36a-4caf-bd1f-2bd368381506,Costco,21/10/2025,21/9/2025,1092.14,6218.83,0,6218.83,NULL,INV-462506
7268,19155437620,,Jim,07d25ba5-c36a-4caf-bd1f-2bd368381506,Aldi,21/10/2025,27/8/2025,1097.29,6248.13,0,6248.13,NULL,INV-275154
7269,19155437620,,Jim,07d25ba5-c36a-4caf-bd1f-2bd368381506,Coles,21/10/2025,20/7/2025,2897.4,16498.26,0,16498.26,NULL,INV-823703
7270,19155437620,,Jim,07d25ba5-c36a-4caf-bd1f-2bd368381506,Costco,21/10/2025,9/9/2025,2047.36,11658.01,0,11658.01,NULL,INV-575331
7271,19155437620,,Jim,07d25ba5-c36a-4caf-bd1f-2bd368381506,Aldi,21/10/2025,23/8/2025,1366.48,7780.93,0,7780.93,NULL,INV-199888
7272,19155437620,,Jim,07d25ba5-c36a-4caf-bd1f-2bd368381506,Coles,21/10/2025,10/8/2025,1738.96,9901.93,0,9901.93,NULL,INV-296472
7273,19155437620,,Jim,07d25ba5-c36a-4caf-bd1f-2bd368381506,Costco,21/10/2025,14/9/2025,2668.23,15193.34,0,15193.34,NULL,INV-197609
7274,19155437620,,Jim,07d25ba5-c36a-4caf-bd1f-2bd368381506,Aldi,21/10/2025,13/7/2025,704.94,4014.03,0,4014.03,NULL,INV-436294
7275,19155437620,,Jim,07d25ba5-c36a-4caf-bd1f-2bd368381506,Coles,21/10/2025,18/8/2025,1344.68,7656.84,0,7656.84,NULL,INV-131078
7276,19155437620,,Jim,07d25ba5-c36a-4caf-bd1f-2bd368381506,Costco,21/10/2025,21/8/2025,2351.55,13390.07,0,13390.07,NULL,INV-142962
7277,19155437620,,Jim,07d25ba5-c36a-4caf-bd1f-2bd368381506,Aldi,21/10/2025,16/8/2025,3051.95,17378.27,0,17378.27,NULL,INV-140337
7278,19155437620,,Jim,07d25ba5-c36a-4caf-bd1f-2bd368381506,Coles,21/10/2025,18/8/2025,3398.13,19349.51,0,19349.51,NULL,INV-838939
7279,19155437620,,Jim,07d25ba5-c36a-4caf-bd1f-2bd368381506,Costco,21/10/2025,14/9/2025,2458.51,13999.13,0,13999.13,NULL,INV-330528
7280,19155437620,,Jim,07d25ba5-c36a-4caf-bd1f-2bd368381506,Aldi,21/10/2025,23/7/2025,3463.34,19720.8,0,19720.8,NULL,INV-996175
7281,19155437620,,Jim,07d25ba5-c36a-4caf-bd1f-2bd368381506,Coles,21/10/2025,17/8/2025,2395.89,13642.56,0,13642.56,NULL,INV-530632
7282,19155437620,,Jim,07d25ba5-c36a-4caf-bd1f-2bd368381506,Costco,21/10/2025,18/7/2025,1695.58,9654.89,0,9654.89,NULL,INV-441286
7283,19155437620,,Jim,07d25ba5-c36a-4caf-bd1f-2bd368381506,Aldi,21/10/2025,30/9/2025,747.21,4254.75,0,4254.75,NULL,INV-793018
7284,19155437620,,Jim,07d25ba5-c36a-4caf-bd1f-2bd368381506,Coles,21/10/2025,10/9/2025,1952.9,11120.11,0,11120.11,NULL,INV-996590
7285,19155437620,,Jim,07d25ba5-c36a-4caf-bd1f-2bd368381506,Costco,21/10/2025,5/10/2025,2368.4,13486.03,0,13486.03,NULL,INV-162837
7286,19155437620,,Jim,07d25ba5-c36a-4caf-bd1f-2bd368381506,Aldi,21/10/2025,9/9/2025,3244,18471.82,0,18471.82,NULL,INV-805790
7287,19155437620,,Jim,07d25ba5-c36a-4caf-bd1f-2bd368381506,Coles,21/10/2025,25/8/2025,1635.1,9310.5,0,9310.5,NULL,INV-130234
7288,19155437620,,Jim,07d25ba5-c36a-4caf-bd1f-2bd368381506,Costco,21/10/2025,2/8/2025,2070.06,11787.22,0,11787.22,NULL,INV-206404
7289,19155437620,,Jim,07d25ba5-c36a-4caf-bd1f-2bd368381506,Aldi,21/10/2025,12/7/2025,1961.19,11167.32,0,11167.32,NULL,INV-299939
7290,19155437620,,Jim,07d25ba5-c36a-4caf-bd1f-2bd368381506,Coles,21/10/2025,28/7/2025,1237.02,7043.77,0,7043.77,NULL,INV-663404
7291,19155437620,,Jim,07d25ba5-c36a-4caf-bd1f-2bd368381506,Costco,21/10/2025,30/8/2025,1212.49,6904.12,0,6904.12,NULL,INV-488757
7292,19155437620,,Jim,07d25ba5-c36a-4caf-bd1f-2bd368381506,Aldi,21/10/2025,27/7/2025,2494.74,14205.43,0,14205.43,NULL,INV-363040
7293,19155437620,,Jim,07d25ba5-c36a-4caf-bd1f-2bd368381506,Coles,21/10/2025,29/8/2025,3351.31,19082.89,0,19082.89,NULL,INV-148571
7294,19155437620,,Jim,07d25ba5-c36a-4caf-bd1f-2bd368381506,Costco,21/10/2025,25/8/2025,2708.81,15424.38,0,15424.38,NULL,INV-379680
7295,19155437620,,Jim,07d25ba5-c36a-4caf-bd1f-2bd368381506,Aldi,21/10/2025,16/7/2025,3028.14,17242.69,0,17242.69,NULL,INV-570573
7296,19155437620,,Jim,07d25ba5-c36a-4caf-bd1f-2bd368381506,Coles,21/10/2025,22/7/2025,3414.19,19440.93,0,19440.93,NULL,INV-845743
7297,19155437620,,Jim,07d25ba5-c36a-4caf-bd1f-2bd368381506,Costco,21/10/2025,25/8/2025,3332.92,18978.2,0,18978.2,NULL,INV-338040
7298,19155437620,,Jim,07d25ba5-c36a-4caf-bd1f-2bd368381506,Aldi,21/10/2025,14/9/2025,2656.69,15127.59,0,15127.59,NULL,INV-540470
7299,19155437620,,Jim,07d25ba5-c36a-4caf-bd1f-2bd368381506,Coles,21/10/2025,1/10/2025,2888.53,16447.74,0,16447.74,NULL,INV-583635
7300,19155437620,,Jim,07d25ba5-c36a-4caf-bd1f-2bd368381506,Costco,21/10/2025,8/8/2025,2702.43,15388.05,0,15388.05,NULL,INV-772193
7301,19155437620,,Jim,07d25ba5-c36a-4caf-bd1f-2bd368381506,Aldi,21/10/2025,21/8/2025,1220.83,6951.59,0,6951.59,NULL,INV-987425
7302,19155437620,,Jim,07d25ba5-c36a-4caf-bd1f-2bd368381506,Coles,21/10/2025,18/8/2025,1837.85,10465.02,0,10465.02,NULL,INV-875020
7303,19155437620,,Jim,07d25ba5-c36a-4caf-bd1f-2bd368381506,Costco,21/10/2025,18/7/2025,3102.76,17667.61,0,17667.61,NULL,INV-179092
7304,19155437620,,Jim,07d25ba5-c36a-4caf-bd1f-2bd368381506,Aldi,21/10/2025,24/7/2025,3019.91,17195.87,0,17195.87,NULL,INV-408067
7305,19155437620,,Jim,07d25ba5-c36a-4caf-bd1f-2bd368381506,Coles,21/10/2025,7/9/2025,1290.4,7347.75,0,7347.75,NULL,INV-543483
7306,19155437620,,Jim,07d25ba5-c36a-4caf-bd1f-2bd368381506,Costco,21/10/2025,20/7/2025,2678.76,15253.26,0,15253.26,NULL,INV-603870
7307,19155437620,,Jim,07d25ba5-c36a-4caf-bd1f-2bd368381506,Aldi,21/10/2025,16/8/2025,1030.56,5868.15,0,5868.15,NULL,INV-897676
7308,19155437620,,Jim,07d25ba5-c36a-4caf-bd1f-2bd368381506,Coles,21/10/2025,6/10/2025,2470.05,14064.86,0,14064.86,NULL,INV-659869
7309,19155437620,,Jim,07d25ba5-c36a-4caf-bd1f-2bd368381506,Costco,21/10/2025,2/9/2025,1784.68,10162.25,0,10162.25,NULL,INV-890157
7310,19155437620,,Jim,07d25ba5-c36a-4caf-bd1f-2bd368381506,Aldi,21/10/2025,18/7/2025,2024.18,11526.01,0,11526.01,NULL,INV-450921
7311,19155437620,,Jim,07d25ba5-c36a-4caf-bd1f-2bd368381506,Coles,21/10/2025,4/9/2025,2646.28,15068.36,0,15068.36,NULL,INV-474350
7312,19155437620,,Jim,07d25ba5-c36a-4caf-bd1f-2bd368381506,Costco,21/10/2025,9/8/2025,2058.28,11720.15,0,11720.15,NULL,INV-888156
7313,19155437620,,Jim,07d25ba5-c36a-4caf-bd1f-2bd368381506,Aldi,21/10/2025,31/7/2025,1903.07,10836.4,0,10836.4,NULL,INV-706371
7314,19155437620,,Jim,07d25ba5-c36a-4caf-bd1f-2bd368381506,Coles,21/10/2025,22/8/2025,2657.75,15133.62,0,15133.62,NULL,INV-507985
7315,19155437620,,Jim,07d25ba5-c36a-4caf-bd1f-2bd368381506,Costco,21/10/2025,19/8/2025,2052.03,11684.6,0,11684.6,NULL,INV-495040
7316,19155437620,,Jim,07d25ba5-c36a-4caf-bd1f-2bd368381506,Aldi,21/10/2025,30/9/2025,861.91,4907.85,0,4907.85,NULL,INV-671938
7317,19155437620,,Jim,07d25ba5-c36a-4caf-bd1f-2bd368381506,Coles,21/10/2025,20/9/2025,760.49,4330.35,0,4330.35,NULL,INV-905775
7318,19155437620,,Jim,07d25ba5-c36a-4caf-bd1f-2bd368381506,Costco,21/10/2025,24/9/2025,1159.87,6604.46,0,6604.46,NULL,INV-882111
7319,19155437620,,Jim,07d25ba5-c36a-4caf-bd1f-2bd368381506,Aldi,21/10/2025,10/8/2025,1376.5,7838.02,0,7838.02,NULL,INV-894032
7320,19155437620,,Jim,07d25ba5-c36a-4caf-bd1f-2bd368381506,Coles,21/10/2025,30/9/2025,2737.06,15585.23,0,15585.23,NULL,INV-207502
7321,19155437620,,Jim,07d25ba5-c36a-4caf-bd1f-2bd368381506,Costco,21/10/2025,16/8/2025,1006.15,5729.15,0,5729.15,NULL,INV-135255
7322,19155437620,,Jim,07d25ba5-c36a-4caf-bd1f-2bd368381506,Aldi,21/10/2025,24/9/2025,1196.65,6813.93,0,6813.93,NULL,INV-200924
7323,19155437620,,Jim,07d25ba5-c36a-4caf-bd1f-2bd368381506,Coles,21/10/2025,10/8/2025,2422.17,13792.19,0,13792.19,NULL,INV-198573
7324,19155437620,,Jim,07d25ba5-c36a-4caf-bd1f-2bd368381506,Costco,21/10/2025,21/9/2025,2075.76,11819.71,0,11819.71,NULL,INV-856551
7325,19155437620,,Jim,07d25ba5-c36a-4caf-bd1f-2bd368381506,Aldi,21/10/2025,31/8/2025,1013.34,5770.14,0,5770.14,NULL,INV-660351
7326,19155437620,,Jim,07d25ba5-c36a-4caf-bd1f-2bd368381506,Coles,21/10/2025,7/10/2025,3072.03,17492.6,0,17492.6,NULL,INV-420880
7327,19155437620,,Jim,07d25ba5-c36a-4caf-bd1f-2bd368381506,Costco,21/10/2025,4/9/2025,1558.22,8872.73,0,8872.73,NULL,INV-349985
7328,19155437620,,Jim,07d25ba5-c36a-4caf-bd1f-2bd368381506,Aldi,21/10/2025,21/9/2025,983.38,5599.51,0,5599.51,NULL,INV-658699
7329,19155437620,,Jim,07d25ba5-c36a-4caf-bd1f-2bd368381506,Coles,21/10/2025,12/7/2025,2390.89,13614.09,0,13614.09,NULL,INV-317020
7330,19155437620,,Jim,07d25ba5-c36a-4caf-bd1f-2bd368381506,Costco,21/10/2025,16/7/2025,1032.27,5877.89,0,5877.89,NULL,INV-370040
7331,19155437620,,Jim,07d25ba5-c36a-4caf-bd1f-2bd368381506,Aldi,21/10/2025,26/9/2025,1133.31,6453.24,0,6453.24,NULL,INV-278959
7332,19155437620,,Jim,07d25ba5-c36a-4caf-bd1f-2bd368381506,Coles,21/10/2025,20/7/2025,2721.68,15497.68,0,15497.68,NULL,INV-968916
7333,19155437620,,Jim,07d25ba5-c36a-4caf-bd1f-2bd368381506,Costco,21/10/2025,3/10/2025,1380.7,7861.9,0,7861.9,NULL,INV-347956
7334,19155437620,,Jim,07d25ba5-c36a-4caf-bd1f-2bd368381506,Aldi,21/10/2025,17/8/2025,3218.12,18324.47,0,18324.47,NULL,INV-752784
7335,19155437620,,Jim,07d25ba5-c36a-4caf-bd1f-2bd368381506,Coles,21/10/2025,1/10/2025,2950.8,16802.31,0,16802.31,NULL,INV-142206
7336,19155437620,,Jim,07d25ba5-c36a-4caf-bd1f-2bd368381506,Costco,21/10/2025,29/7/2025,2402.06,13677.69,0,13677.69,NULL,INV-935608
7337,19155437620,,Jim,07d25ba5-c36a-4caf-bd1f-2bd368381506,Aldi,21/10/2025,18/7/2025,3201.09,18227.51,0,18227.51,NULL,INV-697271
7338,19155437620,,Jim,07d25ba5-c36a-4caf-bd1f-2bd368381506,Coles,21/10/2025,12/9/2025,2480.89,14126.59,0,14126.59,NULL,INV-330147
7339,19155437620,,Jim,07d25ba5-c36a-4caf-bd1f-2bd368381506,Costco,21/10/2025,18/9/2025,737.27,4198.13,0,4198.13,NULL,INV-585937
7340,19155437620,,Jim,07d25ba5-c36a-4caf-bd1f-2bd368381506,Aldi,21/10/2025,3/9/2025,2236.11,12732.74,0,12732.74,NULL,INV-572144
7341,19155437620,,Jim,07d25ba5-c36a-4caf-bd1f-2bd368381506,Coles,21/10/2025,16/8/2025,1529.54,8709.45,0,8709.45,NULL,INV-588239
7342,19155437620,,Jim,07d25ba5-c36a-4caf-bd1f-2bd368381506,Costco,21/10/2025,5/10/2025,3176.88,18089.67,0,18089.67,NULL,INV-571929
7343,19155437620,,Jim,07d25ba5-c36a-4caf-bd1f-2bd368381506,Aldi,21/10/2025,18/8/2025,1016.9,5790.39,0,5790.39,NULL,INV-685157
7344,19155437620,,Jim,07d25ba5-c36a-4caf-bd1f-2bd368381506,Coles,21/10/2025,17/7/2025,2672.58,15218.11,0,15218.11,NULL,INV-780505
7345,19155437620,,Jim,07d25ba5-c36a-4caf-bd1f-2bd368381506,Costco,21/10/2025,2/10/2025,2299.25,13092.3,0,13092.3,NULL,INV-185623
7346,19155437620,,Jim,07d25ba5-c36a-4caf-bd1f-2bd368381506,Aldi,21/10/2025,21/8/2025,1689.04,9617.65,0,9617.65,NULL,INV-775990
7347,19155437620,,Jim,07d25ba5-c36a-4caf-bd1f-2bd368381506,Coles,21/10/2025,26/8/2025,1818.66,10355.73,0,10355.73,NULL,INV-802748
7348,19155437620,,Jim,07d25ba5-c36a-4caf-bd1f-2bd368381506,Costco,21/10/2025,28/7/2025,3215.17,18307.68,0,18307.68,NULL,INV-201744
7349,19155437620,,Jim,07d25ba5-c36a-4caf-bd1f-2bd368381506,Aldi,21/10/2025,19/7/2025,3511.14,19992.97,0,19992.97,NULL,INV-555677
7350,19155437620,,Jim,07d25ba5-c36a-4caf-bd1f-2bd368381506,Coles,21/10/2025,11/9/2025,3200.63,18224.91,0,18224.91,NULL,INV-422434
7351,19155437620,,Jim,07d25ba5-c36a-4caf-bd1f-2bd368381506,Costco,21/10/2025,24/8/2025,2555.52,14551.53,0,14551.53,NULL,INV-315873
7352,19155437620,,Jim,07d25ba5-c36a-4caf-bd1f-2bd368381506,Aldi,21/10/2025,30/9/2025,2930.13,16684.65,0,16684.65,NULL,INV-224715
7353,19155437620,,Jim,07d25ba5-c36a-4caf-bd1f-2bd368381506,Coles,21/10/2025,12/7/2025,1527.3,8696.66,0,8696.66,NULL,INV-809552
7354,19155437620,,Jim,07d25ba5-c36a-4caf-bd1f-2bd368381506,Costco,21/10/2025,5/9/2025,3160.12,17994.24,0,17994.24,NULL,INV-889490
7355,19155437620,,Jim,07d25ba5-c36a-4caf-bd1f-2bd368381506,Aldi,21/10/2025,3/9/2025,2880.74,16403.37,0,16403.37,NULL,INV-484752
7356,19155437620,,Jim,07d25ba5-c36a-4caf-bd1f-2bd368381506,Coles,21/10/2025,4/9/2025,2926.37,16663.22,0,16663.22,NULL,INV-842055
7357,19155437620,,Jim,07d25ba5-c36a-4caf-bd1f-2bd368381506,Costco,21/10/2025,15/8/2025,2728.09,15534.18,0,15534.18,NULL,INV-738895
7358,19155437620,,Jim,07d25ba5-c36a-4caf-bd1f-2bd368381506,Aldi,21/10/2025,8/8/2025,3095.68,17627.27,0,17627.27,NULL,INV-347322
7359,19155437620,,Jim,07d25ba5-c36a-4caf-bd1f-2bd368381506,Coles,21/10/2025,15/7/2025,2269.59,12923.43,0,12923.43,NULL,INV-642038
7360,19155437620,,Jim,07d25ba5-c36a-4caf-bd1f-2bd368381506,Costco,21/10/2025,28/7/2025,2105.75,11990.5,0,11990.5,NULL,INV-269608
7361,19155437620,,Jim,07d25ba5-c36a-4caf-bd1f-2bd368381506,Aldi,21/10/2025,28/7/2025,884.36,5035.66,0,5035.66,NULL,INV-635560
7362,19155437620,,Jim,07d25ba5-c36a-4caf-bd1f-2bd368381506,Coles,21/10/2025,16/8/2025,2561.08,14583.21,0,14583.21,NULL,INV-856261
7363,19155437620,,Jim,07d25ba5-c36a-4caf-bd1f-2bd368381506,Costco,21/10/2025,4/10/2025,1772.59,10093.39,0,10093.39,NULL,INV-867469
7364,19155437620,,Jim,07d25ba5-c36a-4caf-bd1f-2bd368381506,Aldi,21/10/2025,3/10/2025,1876.55,10685.35,0,10685.35,NULL,INV-869476
7365,19155437620,,Jim,07d25ba5-c36a-4caf-bd1f-2bd368381506,Coles,21/10/2025,31/8/2025,969.29,5519.31,0,5519.31,NULL,INV-202910
7366,19155437620,,Jim,07d25ba5-c36a-4caf-bd1f-2bd368381506,Costco,21/10/2025,22/9/2025,1768.79,10071.76,0,10071.76,NULL,INV-762972
7367,19155437620,,Jim,07d25ba5-c36a-4caf-bd1f-2bd368381506,Aldi,21/10/2025,16/7/2025,1138.26,6481.46,0,6481.46,NULL,INV-843663
7368,19155437620,,Jim,07d25ba5-c36a-4caf-bd1f-2bd368381506,Coles,21/10/2025,8/10/2025,1158.32,6595.66,0,6595.66,NULL,INV-813924
7369,19155437620,,Jim,07d25ba5-c36a-4caf-bd1f-2bd368381506,Costco,21/10/2025,21/9/2025,2853.86,16250.33,0,16250.33,NULL,INV-339502
7370,19155437620,,Jim,07d25ba5-c36a-4caf-bd1f-2bd368381506,Aldi,21/10/2025,11/7/2025,3128.92,17816.55,0,17816.55,NULL,INV-290860
7371,19155437620,,Jim,07d25ba5-c36a-4caf-bd1f-2bd368381506,Coles,21/10/2025,25/9/2025,1444.94,8227.7,0,8227.7,NULL,INV-847083
7372,19155437620,,Jim,07d25ba5-c36a-4caf-bd1f-2bd368381506,Costco,21/10/2025,8/10/2025,743.15,4231.62,0,4231.62,NULL,INV-549154
7373,19155437620,,Jim,07d25ba5-c36a-4caf-bd1f-2bd368381506,Aldi,21/10/2025,2/8/2025,2527.54,14392.23,0,14392.23,NULL,INV-710600
7374,19155437620,,Jim,07d25ba5-c36a-4caf-bd1f-2bd368381506,Coles,21/10/2025,1/10/2025,978.03,5569.07,0,5569.07,NULL,INV-605742
7375,19155437620,,Jim,07d25ba5-c36a-4caf-bd1f-2bd368381506,Costco,21/10/2025,7/9/2025,1052.95,5995.64,0,5995.64,NULL,INV-106773
7376,19155437620,,Jim,07d25ba5-c36a-4caf-bd1f-2bd368381506,Aldi,21/10/2025,4/10/2025,1186.11,6753.87,0,6753.87,NULL,INV-806488
7377,19155437620,,Jim,07d25ba5-c36a-4caf-bd1f-2bd368381506,Coles,21/10/2025,7/8/2025,858.7,4889.57,0,4889.57,NULL,INV-461600
7378,19155437620,,Jim,07d25ba5-c36a-4caf-bd1f-2bd368381506,Costco,21/10/2025,2/9/2025,3489.41,19869.27,0,19869.27,NULL,INV-429199
7379,19155437620,,Jim,07d25ba5-c36a-4caf-bd1f-2bd368381506,Aldi,21/10/2025,29/8/2025,2929.39,16680.39,0,16680.39,NULL,INV-992567
7380,19155437620,,Jim,07d25ba5-c36a-4caf-bd1f-2bd368381506,Coles,21/10/2025,17/7/2025,2992.64,17040.55,0,17040.55,NULL,INV-572394
7381,19155437620,,Jim,07d25ba5-c36a-4caf-bd1f-2bd368381506,Costco,21/10/2025,15/7/2025,3470.02,19758.84,0,19758.84,NULL,INV-293179
7382,19155437620,,Jim,07d25ba5-c36a-4caf-bd1f-2bd368381506,Aldi,21/10/2025,6/10/2025,1649.13,9390.39,0,9390.39,NULL,INV-324951
7383,19155437620,,Jim,07d25ba5-c36a-4caf-bd1f-2bd368381506,Coles,21/10/2025,20/8/2025,3476.83,19797.6,0,19797.6,NULL,INV-877954
7384,19155437620,,Jim,07d25ba5-c36a-4caf-bd1f-2bd368381506,Costco,21/10/2025,28/8/2025,3307.58,18833.86,0,18833.86,NULL,INV-590229
7385,19155437620,,Jim,07d25ba5-c36a-4caf-bd1f-2bd368381506,Aldi,21/10/2025,4/8/2025,1986.18,11309.6,0,11309.6,NULL,INV-703793
7386,19155437620,,Jim,07d25ba5-c36a-4caf-bd1f-2bd368381506,Coles,21/10/2025,22/7/2025,1611.65,9176.98,0,9176.98,NULL,INV-871972
7387,19155437620,,Jim,07d25ba5-c36a-4caf-bd1f-2bd368381506,Costco,21/10/2025,6/10/2025,743.16,4231.67,0,4231.67,NULL,INV-850392
7388,19155437620,,Jim,07d25ba5-c36a-4caf-bd1f-2bd368381506,Aldi,21/10/2025,22/9/2025,1962.31,11173.69,0,11173.69,NULL,INV-368369
7389,19155437620,,Jim,07d25ba5-c36a-4caf-bd1f-2bd368381506,Coles,21/10/2025,9/10/2025,2226.18,12676.24,0,12676.24,NULL,INV-105906
7390,19155437620,,Jim,07d25ba5-c36a-4caf-bd1f-2bd368381506,Costco,21/10/2025,31/8/2025,1614.3,9192.07,0,9192.07,NULL,INV-499422
7391,19155437620,,Jim,07d25ba5-c36a-4caf-bd1f-2bd368381506,Aldi,21/10/2025,15/8/2025,781.67,4450.98,0,4450.98,NULL,INV-758496
7392,19155437620,,Jim,07d25ba5-c36a-4caf-bd1f-2bd368381506,Coles,21/10/2025,23/9/2025,3210.32,18280.08,0,18280.08,NULL,INV-228556
7393,19155437620,,Jim,07d25ba5-c36a-4caf-bd1f-2bd368381506,Costco,21/10/2025,1/9/2025,3196.6,18201.95,0,18201.95,NULL,INV-105044
7394,19155437620,,Jim,07d25ba5-c36a-4caf-bd1f-2bd368381506,Aldi,21/10/2025,17/8/2025,971.04,5529.25,0,5529.25,NULL,INV-138881
7395,19155437620,,Jim,07d25ba5-c36a-4caf-bd1f-2bd368381506,Coles,21/10/2025,7/9/2025,2392.47,13623.13,0,13623.13,NULL,INV-785674
7396,19155437620,,Jim,07d25ba5-c36a-4caf-bd1f-2bd368381506,Costco,21/10/2025,11/9/2025,1934.3,11014.2,0,11014.2,NULL,INV-244838
7397,19155437620,,Jim,07d25ba5-c36a-4caf-bd1f-2bd368381506,Aldi,21/10/2025,7/8/2025,1112.68,6335.76,0,6335.76,NULL,INV-561619
7398,19155437620,,Jim,07d25ba5-c36a-4caf-bd1f-2bd368381506,Coles,21/10/2025,29/7/2025,2650.98,15095.1,0,15095.1,NULL,INV-209525
7399,19155437620,,Jim,07d25ba5-c36a-4caf-bd1f-2bd368381506,Costco,21/10/2025,10/9/2025,2636.62,15013.31,0,15013.31,NULL,INV-362843
7400,19155437620,,Jim,07d25ba5-c36a-4caf-bd1f-2bd368381506,Aldi,21/10/2025,7/10/2025,2748.78,15652.01,0,15652.01,NULL,INV-868057
7401,19155437620,,Jim,07d25ba5-c36a-4caf-bd1f-2bd368381506,Coles,21/10/2025,15/9/2025,1311.38,7467.22,0,7467.22,NULL,INV-152029
7402,19155437620,,Jim,07d25ba5-c36a-4caf-bd1f-2bd368381506,Costco,21/10/2025,28/9/2025,2823.74,16078.83,0,16078.83,NULL,INV-776685
7403,19155437620,,Jim,07d25ba5-c36a-4caf-bd1f-2bd368381506,Aldi,21/10/2025,24/7/2025,2480.19,14122.62,0,14122.62,NULL,INV-465412
7404,19155437620,,Jim,07d25ba5-c36a-4caf-bd1f-2bd368381506,Coles,21/10/2025,7/9/2025,1723.95,9816.45,0,9816.45,NULL,INV-476985
7405,19155437620,,Jim,07d25ba5-c36a-4caf-bd1f-2bd368381506,Costco,21/10/2025,3/9/2025,1126.55,6414.77,0,6414.77,NULL,INV-109432
7406,19155437620,,Jim,07d25ba5-c36a-4caf-bd1f-2bd368381506,Aldi,21/10/2025,16/8/2025,2796.39,15923.06,0,15923.06,NULL,INV-744381
7407,19155437620,,Jim,07d25ba5-c36a-4caf-bd1f-2bd368381506,Coles,21/10/2025,10/8/2025,1134.36,6459.21,0,6459.21,NULL,INV-262002
7408,19155437620,,Jim,07d25ba5-c36a-4caf-bd1f-2bd368381506,Costco,21/10/2025,21/8/2025,1690.92,9628.39,0,9628.39,NULL,INV-418443
7409,19155437620,,Jim,07d25ba5-c36a-4caf-bd1f-2bd368381506,Aldi,21/10/2025,27/8/2025,1376.95,7840.59,0,7840.59,NULL,INV-950329
7410,19155437620,,Jim,07d25ba5-c36a-4caf-bd1f-2bd368381506,Coles,21/10/2025,20/8/2025,1274.07,7254.77,0,7254.77,NULL,INV-407973
7411,19155437620,,Jim,07d25ba5-c36a-4caf-bd1f-2bd368381506,Costco,21/10/2025,29/9/2025,2890.27,16457.65,0,16457.65,NULL,INV-699903
7412,19155437620,,Jim,07d25ba5-c36a-4caf-bd1f-2bd368381506,Aldi,21/10/2025,1/9/2025,1838.52,10468.84,0,10468.84,NULL,INV-761761
7413,19155437620,,Jim,07d25ba5-c36a-4caf-bd1f-2bd368381506,Coles,21/10/2025,2/9/2025,2097.93,11945.95,0,11945.95,NULL,INV-699688
7414,19155437620,,Jim,07d25ba5-c36a-4caf-bd1f-2bd368381506,Costco,21/10/2025,19/9/2025,1923.81,10954.48,0,10954.48,NULL,INV-238327
7415,19155437620,,Jim,07d25ba5-c36a-4caf-bd1f-2bd368381506,Aldi,21/10/2025,13/7/2025,1481.81,8437.66,0,8437.66,NULL,INV-524275
7416,19155437620,,Jim,07d25ba5-c36a-4caf-bd1f-2bd368381506,Coles,21/10/2025,22/7/2025,2836.69,16152.54,0,16152.54,NULL,INV-499309
7417,19155437620,,Jim,07d25ba5-c36a-4caf-bd1f-2bd368381506,Costco,21/10/2025,3/9/2025,3356.09,19110.1,0,19110.1,NULL,INV-727234
7418,19155437620,,Jim,07d25ba5-c36a-4caf-bd1f-2bd368381506,Aldi,21/10/2025,4/9/2025,3142.21,17892.23,0,17892.23,NULL,INV-309977
7419,19155437620,,Jim,07d25ba5-c36a-4caf-bd1f-2bd368381506,Coles,21/10/2025,22/9/2025,2626.97,14958.36,0,14958.36,NULL,INV-818936
7420,19155437620,,Jim,07d25ba5-c36a-4caf-bd1f-2bd368381506,Costco,21/10/2025,24/7/2025,2490.57,14181.71,0,14181.71,NULL,INV-583940
7421,19155437620,,Jim,07d25ba5-c36a-4caf-bd1f-2bd368381506,Aldi,21/10/2025,18/8/2025,794.36,4523.22,0,4523.22,NULL,INV-641353
7422,19155437620,,Jim,07d25ba5-c36a-4caf-bd1f-2bd368381506,Coles,21/10/2025,27/7/2025,3115.87,17742.23,0,17742.23,NULL,INV-509141
7423,19155437620,,Jim,07d25ba5-c36a-4caf-bd1f-2bd368381506,Costco,21/10/2025,30/9/2025,3504.67,19956.14,0,19956.14,NULL,INV-689649
7424,19155437620,,Jim,07d25ba5-c36a-4caf-bd1f-2bd368381506,Aldi,21/10/2025,5/10/2025,1213.01,6907.07,0,6907.07,NULL,INV-575444
7425,19155437620,,Jim,07d25ba5-c36a-4caf-bd1f-2bd368381506,Coles,21/10/2025,4/9/2025,1584.93,9024.83,0,9024.83,NULL,INV-912047
7426,19155437620,,Jim,07d25ba5-c36a-4caf-bd1f-2bd368381506,Costco,21/10/2025,19/7/2025,2027.79,11546.56,0,11546.56,NULL,INV-474246
7427,19155437620,,Jim,07d25ba5-c36a-4caf-bd1f-2bd368381506,Aldi,21/10/2025,31/8/2025,703.3,4004.72,0,4004.72,NULL,INV-854879
7428,19155437620,,Jim,07d25ba5-c36a-4caf-bd1f-2bd368381506,Coles,21/10/2025,1/10/2025,2395.6,13640.95,0,13640.95,NULL,INV-735533
7429,19155437620,,Jim,07d25ba5-c36a-4caf-bd1f-2bd368381506,Costco,21/10/2025,20/9/2025,3160.16,17994.47,0,17994.47,NULL,INV-153029
7430,19155437620,,Jim,07d25ba5-c36a-4caf-bd1f-2bd368381506,Aldi,21/10/2025,23/9/2025,1396.78,7953.46,0,7953.46,NULL,INV-323445
7431,19155437620,,Jim,07d25ba5-c36a-4caf-bd1f-2bd368381506,Coles,21/10/2025,27/8/2025,994.36,5662.06,0,5662.06,NULL,INV-696624
7432,19155437620,,Jim,07d25ba5-c36a-4caf-bd1f-2bd368381506,Costco,21/10/2025,18/7/2025,2003.32,11407.2,0,11407.2,NULL,INV-829052
7433,19155437620,,Jim,07d25ba5-c36a-4caf-bd1f-2bd368381506,Aldi,21/10/2025,9/8/2025,2964.13,16878.23,0,16878.23,NULL,INV-450917
7434,19155437620,,Jim,07d25ba5-c36a-4caf-bd1f-2bd368381506,Coles,21/10/2025,24/9/2025,2400.43,13668.44,0,13668.44,NULL,INV-606126
7435,19155437620,,Jim,07d25ba5-c36a-4caf-bd1f-2bd368381506,Costco,21/10/2025,19/7/2025,3246.77,18487.64,0,18487.64,NULL,INV-846375
7436,19155437620,,Jim,07d25ba5-c36a-4caf-bd1f-2bd368381506,Aldi,21/10/2025,17/8/2025,1578.09,8985.88,0,8985.88,NULL,INV-360978
7437,19155437620,,Jim,07d25ba5-c36a-4caf-bd1f-2bd368381506,Coles,21/10/2025,3/8/2025,2230.41,12700.3,0,12700.3,NULL,INV-613330
7438,19155437620,,Jim,07d25ba5-c36a-4caf-bd1f-2bd368381506,Costco,21/10/2025,5/8/2025,1093.74,6227.91,0,6227.91,NULL,INV-381348
7439,19155437620,,Jim,07d25ba5-c36a-4caf-bd1f-2bd368381506,Aldi,21/10/2025,25/8/2025,958.1,5455.6,0,5455.6,NULL,INV-795303
7440,19155437620,,Jim,07d25ba5-c36a-4caf-bd1f-2bd368381506,Coles,21/10/2025,23/8/2025,2668.66,15195.78,0,15195.78,NULL,INV-778113
7441,19155437620,,Jim,07d25ba5-c36a-4caf-bd1f-2bd368381506,Costco,21/10/2025,30/9/2025,902.41,5138.47,0,5138.47,NULL,INV-991353
7442,19155437620,,Jim,07d25ba5-c36a-4caf-bd1f-2bd368381506,Aldi,21/10/2025,19/7/2025,1661.81,9462.61,0,9462.61,NULL,INV-348768
7443,19155437620,,Jim,07d25ba5-c36a-4caf-bd1f-2bd368381506,Coles,21/10/2025,28/8/2025,3233.27,18410.76,0,18410.76,NULL,INV-804707
7444,19155437620,,Jim,07d25ba5-c36a-4caf-bd1f-2bd368381506,Costco,21/10/2025,14/8/2025,3192.35,18177.72,0,18177.72,NULL,INV-189431
7445,19155437620,,Jim,07d25ba5-c36a-4caf-bd1f-2bd368381506,Aldi,21/10/2025,15/9/2025,724.57,4125.81,0,4125.81,NULL,INV-231812
7446,19155437620,,Jim,07d25ba5-c36a-4caf-bd1f-2bd368381506,Coles,21/10/2025,28/7/2025,1577.52,8982.63,0,8982.63,NULL,INV-540103
7447,19155437620,,Jim,07d25ba5-c36a-4caf-bd1f-2bd368381506,Costco,21/10/2025,10/8/2025,1259.08,7169.38,0,7169.38,NULL,INV-887131
7448,19155437620,,Jim,07d25ba5-c36a-4caf-bd1f-2bd368381506,Aldi,21/10/2025,24/9/2025,2927.06,16667.12,0,16667.12,NULL,INV-855861
7449,19155437620,,Jim,07d25ba5-c36a-4caf-bd1f-2bd368381506,Coles,21/10/2025,29/9/2025,928.61,5287.65,0,5287.65,NULL,INV-242414
7450,19155437620,,Jim,07d25ba5-c36a-4caf-bd1f-2bd368381506,Costco,21/10/2025,23/9/2025,1415.9,8062.37,0,8062.37,NULL,INV-409196
7451,19155437620,,Jim,07d25ba5-c36a-4caf-bd1f-2bd368381506,Aldi,21/10/2025,7/9/2025,2200.23,12528.47,0,12528.47,NULL,INV-883572
7452,19155437620,,Jim,07d25ba5-c36a-4caf-bd1f-2bd368381506,Coles,21/10/2025,9/8/2025,3100.9,17656.99,0,17656.99,NULL,INV-852218
7453,19155437620,,Jim,07d25ba5-c36a-4caf-bd1f-2bd368381506,Costco,21/10/2025,20/7/2025,3288.14,18723.19,0,18723.19,NULL,INV-155171
7454,19155437620,,Jim,07d25ba5-c36a-4caf-bd1f-2bd368381506,Aldi,21/10/2025,21/9/2025,2424.35,13804.62,0,13804.62,NULL,INV-673563
7455,19155437620,,Jim,07d25ba5-c36a-4caf-bd1f-2bd368381506,Coles,21/10/2025,31/8/2025,2388.58,13600.94,0,13600.94,NULL,INV-815638
7456,19155437620,,Jim,07d25ba5-c36a-4caf-bd1f-2bd368381506,Costco,21/10/2025,9/9/2025,2186.16,12448.35,0,12448.35,NULL,INV-113847
7457,19155437620,,Jim,07d25ba5-c36a-4caf-bd1f-2bd368381506,Aldi,21/10/2025,15/9/2025,3511.99,19997.84,0,19997.84,NULL,INV-252987
7458,19155437620,,Jim,07d25ba5-c36a-4caf-bd1f-2bd368381506,Coles,21/10/2025,12/7/2025,2014.9,11473.14,0,11473.14,NULL,INV-705643
7459,19155437620,,Jim,07d25ba5-c36a-4caf-bd1f-2bd368381506,Costco,21/10/2025,19/8/2025,1347.35,7672.03,0,7672.03,NULL,INV-975972
7460,19155437620,,Jim,07d25ba5-c36a-4caf-bd1f-2bd368381506,Aldi,21/10/2025,2/10/2025,3015.79,17172.36,0,17172.36,NULL,INV-600369
7461,19155437620,,Jim,07d25ba5-c36a-4caf-bd1f-2bd368381506,Coles,21/10/2025,7/9/2025,1041.12,5928.31,0,5928.31,NULL,INV-777486
7462,19155437620,,Jim,07d25ba5-c36a-4caf-bd1f-2bd368381506,Costco,21/10/2025,29/8/2025,2117.46,12057.13,0,12057.13,NULL,INV-712758
7463,19155437620,,Jim,07d25ba5-c36a-4caf-bd1f-2bd368381506,Aldi,21/10/2025,26/7/2025,3447.48,19630.47,0,19630.47,NULL,INV-477931
7464,19155437620,,Jim,07d25ba5-c36a-4caf-bd1f-2bd368381506,Coles,21/10/2025,22/7/2025,2772.78,15788.62,0,15788.62,NULL,INV-984884
7465,19155437620,,Jim,07d25ba5-c36a-4caf-bd1f-2bd368381506,Costco,21/10/2025,27/9/2025,2019.83,11501.22,0,11501.22,NULL,INV-701318
7466,19155437620,,Jim,07d25ba5-c36a-4caf-bd1f-2bd368381506,Aldi,21/10/2025,16/9/2025,1549.96,8825.74,0,8825.74,NULL,INV-667290
7467,19155437620,,Jim,07d25ba5-c36a-4caf-bd1f-2bd368381506,Coles,21/10/2025,29/7/2025,2974.29,16936.09,0,16936.09,NULL,INV-837279
7468,19155437620,,Jim,07d25ba5-c36a-4caf-bd1f-2bd368381506,Costco,21/10/2025,23/7/2025,1270.42,7233.96,0,7233.96,NULL,INV-519881
7469,19155437620,,Jim,07d25ba5-c36a-4caf-bd1f-2bd368381506,Aldi,21/10/2025,23/7/2025,2470.87,14069.51,0,14069.51,NULL,INV-449572
7470,19155437620,,Jim,07d25ba5-c36a-4caf-bd1f-2bd368381506,Coles,21/10/2025,8/10/2025,1155.08,6577.21,0,6577.21,NULL,INV-128386
7471,19155437620,,Jim,07d25ba5-c36a-4caf-bd1f-2bd368381506,Costco,21/10/2025,9/9/2025,2295.17,13069.08,0,13069.08,NULL,INV-224924
7472,19155437620,,Jim,07d25ba5-c36a-4caf-bd1f-2bd368381506,Aldi,21/10/2025,13/7/2025,3032.62,17268.2,0,17268.2,NULL,INV-201965
7473,19155437620,,Jim,07d25ba5-c36a-4caf-bd1f-2bd368381506,Coles,21/10/2025,25/9/2025,2303.48,13116.4,0,13116.4,NULL,INV-680491
7474,19155437620,,Jim,07d25ba5-c36a-4caf-bd1f-2bd368381506,Costco,21/10/2025,21/8/2025,2078.48,11835.17,0,11835.17,NULL,INV-486526
7475,19155437620,,Jim,07d25ba5-c36a-4caf-bd1f-2bd368381506,Aldi,21/10/2025,11/9/2025,1265.53,7206.13,0,7206.13,NULL,INV-158774
7476,19155437620,,Jim,07d25ba5-c36a-4caf-bd1f-2bd368381506,Coles,21/10/2025,20/9/2025,3091.9,17605.78,0,17605.78,NULL,INV-556513
7477,19155437620,,Jim,07d25ba5-c36a-4caf-bd1f-2bd368381506,Costco,21/10/2025,2/10/2025,787.05,4481.6,0,4481.6,NULL,INV-955722
7478,19155437620,,Jim,07d25ba5-c36a-4caf-bd1f-2bd368381506,Aldi,21/10/2025,2/10/2025,1981.75,11284.39,0,11284.39,NULL,INV-968516
7479,19155437620,,Jim,07d25ba5-c36a-4caf-bd1f-2bd368381506,Coles,21/10/2025,4/10/2025,3180.9,18112.56,0,18112.56,NULL,INV-324089
7480,19155437620,,Jim,07d25ba5-c36a-4caf-bd1f-2bd368381506,Costco,21/10/2025,17/8/2025,2525.07,14378.15,0,14378.15,NULL,INV-678159
7481,19155437620,,Jim,07d25ba5-c36a-4caf-bd1f-2bd368381506,Aldi,21/10/2025,21/8/2025,3250.25,18507.43,0,18507.43,NULL,INV-282730
7482,19155437620,,Jim,07d25ba5-c36a-4caf-bd1f-2bd368381506,Coles,21/10/2025,24/8/2025,3223.21,18353.48,0,18353.48,NULL,INV-399304
7483,19155437620,,Jim,07d25ba5-c36a-4caf-bd1f-2bd368381506,Costco,21/10/2025,17/9/2025,1598.14,9100.08,0,9100.08,NULL,INV-684088
7484,19155437620,,Jim,07d25ba5-c36a-4caf-bd1f-2bd368381506,Aldi,21/10/2025,14/8/2025,2357.07,13421.55,0,13421.55,NULL,INV-946239
7485,19155437620,,Jim,07d25ba5-c36a-4caf-bd1f-2bd368381506,Coles,21/10/2025,18/9/2025,2034.44,11584.41,0,11584.41,NULL,INV-915705
7486,19155437620,,Jim,07d25ba5-c36a-4caf-bd1f-2bd368381506,Costco,21/10/2025,22/7/2025,2984.67,16995.19,0,16995.19,NULL,INV-346773
7487,19155437620,,Jim,07d25ba5-c36a-4caf-bd1f-2bd368381506,Aldi,21/10/2025,13/9/2025,2825.09,16086.5,0,16086.5,NULL,INV-720800
7488,19155437620,,Jim,07d25ba5-c36a-4caf-bd1f-2bd368381506,Coles,21/10/2025,29/8/2025,1456.55,8293.85,0,8293.85,NULL,INV-297248
7489,19155437620,,Jim,07d25ba5-c36a-4caf-bd1f-2bd368381506,Costco,21/10/2025,1/9/2025,1533.12,8729.82,0,8729.82,NULL,INV-647805
7490,19155437620,,Jim,07d25ba5-c36a-4caf-bd1f-2bd368381506,Aldi,21/10/2025,27/9/2025,1124.61,6403.71,0,6403.71,NULL,INV-940374
7491,19155437620,,Jim,07d25ba5-c36a-4caf-bd1f-2bd368381506,Coles,21/10/2025,23/8/2025,856.06,4874.56,0,4874.56,NULL,INV-749983
7492,19155437620,,Jim,07d25ba5-c36a-4caf-bd1f-2bd368381506,Costco,21/10/2025,4/10/2025,1329.06,7567.87,0,7567.87,NULL,INV-591406
7493,19155437620,,Jim,07d25ba5-c36a-4caf-bd1f-2bd368381506,Aldi,21/10/2025,12/8/2025,2974.96,16939.88,0,16939.88,NULL,INV-805962
7494,19155437620,,Jim,07d25ba5-c36a-4caf-bd1f-2bd368381506,Coles,21/10/2025,7/8/2025,2473.1,14082.23,0,14082.23,NULL,INV-802731
7495,19155437620,,Jim,07d25ba5-c36a-4caf-bd1f-2bd368381506,Costco,21/10/2025,9/8/2025,2884.15,16422.79,0,16422.79,NULL,INV-631618
7496,19155437620,,Jim,07d25ba5-c36a-4caf-bd1f-2bd368381506,Aldi,21/10/2025,12/8/2025,2973.53,16931.73,0,16931.73,NULL,INV-522729
7497,19155437620,,Jim,07d25ba5-c36a-4caf-bd1f-2bd368381506,Coles,21/10/2025,2/10/2025,3121.6,17774.89,0,17774.89,NULL,INV-296449
7498,19155437620,,Jim,07d25ba5-c36a-4caf-bd1f-2bd368381506,Costco,21/10/2025,2/10/2025,2608.91,14855.53,0,14855.53,NULL,INV-872971
7499,19155437620,,Jim,07d25ba5-c36a-4caf-bd1f-2bd368381506,Aldi,21/10/2025,30/9/2025,1240.62,7064.28,0,7064.28,NULL,INV-349537
7500,19155437620,,Jim,07d25ba5-c36a-4caf-bd1f-2bd368381506,Coles,21/10/2025,19/9/2025,835.9,4759.72,0,4759.72,NULL,INV-595620
7501,19155437620,,Jim,07d25ba5-c36a-4caf-bd1f-2bd368381506,Costco,21/10/2025,29/8/2025,3111.79,17719,0,17719,NULL,INV-683880
7502,19155437620,,Jim,07d25ba5-c36a-4caf-bd1f-2bd368381506,Aldi,21/10/2025,22/9/2025,724.61,4126.07,0,4126.07,NULL,INV-897257
7503,19155437620,,Jim,07d25ba5-c36a-4caf-bd1f-2bd368381506,Coles,21/10/2025,22/9/2025,2921.19,16633.7,0,16633.7,NULL,INV-335878
7504,19155437620,,Jim,07d25ba5-c36a-4caf-bd1f-2bd368381506,Costco,21/10/2025,18/7/2025,1906.77,10857.44,0,10857.44,NULL,INV-210197
7505,19155437620,,Jim,07d25ba5-c36a-4caf-bd1f-2bd368381506,Aldi,21/10/2025,6/8/2025,2054.71,11699.87,0,11699.87,NULL,INV-577207
7506,19155437620,,Jim,07d25ba5-c36a-4caf-bd1f-2bd368381506,Coles,21/10/2025,30/9/2025,1179.42,6715.79,0,6715.79,NULL,INV-174482
7507,19155437620,,Jim,07d25ba5-c36a-4caf-bd1f-2bd368381506,Costco,21/10/2025,6/10/2025,1354.98,7715.46,0,7715.46,NULL,INV-841666
7508,19155437620,,Jim,07d25ba5-c36a-4caf-bd1f-2bd368381506,Aldi,21/10/2025,5/8/2025,1953.06,11121.03,0,11121.03,NULL,INV-750459
7509,19155437620,,Jim,07d25ba5-c36a-4caf-bd1f-2bd368381506,Coles,21/10/2025,13/7/2025,2886.93,16438.66,0,16438.66,NULL,INV-214960
7510,19155437620,,Jim,07d25ba5-c36a-4caf-bd1f-2bd368381506,Costco,21/10/2025,1/10/2025,1222.59,6961.61,0,6961.61,NULL,INV-106877
7511,19155437620,,Jim,07d25ba5-c36a-4caf-bd1f-2bd368381506,Aldi,21/10/2025,1/9/2025,868.81,4947.12,0,4947.12,NULL,INV-450456
7512,19155437620,,Jim,07d25ba5-c36a-4caf-bd1f-2bd368381506,Coles,21/10/2025,20/9/2025,1454.57,8282.54,0,8282.54,NULL,INV-465626
7513,19155437620,,Jim,07d25ba5-c36a-4caf-bd1f-2bd368381506,Costco,21/10/2025,12/9/2025,1859.05,10585.73,0,10585.73,NULL,INV-802353
7514,19155437620,,Jim,07d25ba5-c36a-4caf-bd1f-2bd368381506,Aldi,21/10/2025,25/7/2025,2216.27,12619.8,0,12619.8,NULL,INV-394566
7515,19155437620,,Jim,07d25ba5-c36a-4caf-bd1f-2bd368381506,Coles,21/10/2025,4/9/2025,3002.74,17098.07,0,17098.07,NULL,INV-641824
7516,19155437620,,Jim,07d25ba5-c36a-4caf-bd1f-2bd368381506,Costco,21/10/2025,4/10/2025,1937.27,11031.1,0,11031.1,NULL,INV-326416
7517,19155437620,,Jim,07d25ba5-c36a-4caf-bd1f-2bd368381506,Aldi,21/10/2025,5/9/2025,3504.59,19955.71,0,19955.71,NULL,INV-420613
7518,19155437620,,Jim,07d25ba5-c36a-4caf-bd1f-2bd368381506,Coles,21/10/2025,31/7/2025,3275.03,18648.55,0,18648.55,NULL,INV-785103
7519,19155437620,,Jim,07d25ba5-c36a-4caf-bd1f-2bd368381506,Costco,21/10/2025,3/9/2025,2810.42,16003,0,16003,NULL,INV-383107
7520,19155437620,,Jim,07d25ba5-c36a-4caf-bd1f-2bd368381506,Aldi,21/10/2025,6/8/2025,1907.79,10863.26,0,10863.26,NULL,INV-357054
7521,19155437620,,Jim,07d25ba5-c36a-4caf-bd1f-2bd368381506,Coles,21/10/2025,1/9/2025,1088.41,6197.55,0,6197.55,NULL,INV-613347
7522,19155437620,,Jim,07d25ba5-c36a-4caf-bd1f-2bd368381506,Costco,21/10/2025,22/9/2025,1945.84,11079.91,0,11079.91,NULL,INV-930757
7523,19155437620,,Jim,07d25ba5-c36a-4caf-bd1f-2bd368381506,Aldi,21/10/2025,12/8/2025,2448.85,13944.16,0,13944.16,NULL,INV-964363
7524,19155437620,,Jim,07d25ba5-c36a-4caf-bd1f-2bd368381506,Coles,21/10/2025,15/9/2025,2341.67,13333.82,0,13333.82,NULL,INV-609087
7525,19155437620,,Jim,07d25ba5-c36a-4caf-bd1f-2bd368381506,Costco,21/10/2025,16/9/2025,2809.79,15999.4,0,15999.4,NULL,INV-405819
7526,19155437620,,Jim,07d25ba5-c36a-4caf-bd1f-2bd368381506,Aldi,21/10/2025,30/9/2025,2918.69,16619.48,0,16619.48,NULL,INV-373933
7527,19155437620,,Jim,07d25ba5-c36a-4caf-bd1f-2bd368381506,Coles,21/10/2025,27/9/2025,2268.48,12917.07,0,12917.07,NULL,INV-758231
7528,19155437620,,Jim,07d25ba5-c36a-4caf-bd1f-2bd368381506,Costco,21/10/2025,2/9/2025,1700.65,9683.77,0,9683.77,NULL,INV-504196
7529,19155437620,,Jim,07d25ba5-c36a-4caf-bd1f-2bd368381506,Aldi,21/10/2025,22/9/2025,929.74,5294.1,0,5294.1,NULL,INV-159894
7530,19155437620,,Jim,07d25ba5-c36a-4caf-bd1f-2bd368381506,Coles,21/10/2025,19/7/2025,1978.47,11265.72,0,11265.72,NULL,INV-530687
7531,19155437620,,Jim,07d25ba5-c36a-4caf-bd1f-2bd368381506,Costco,21/10/2025,27/8/2025,1494.25,8508.47,0,8508.47,NULL,INV-181099
7532,19155437620,,Jim,07d25ba5-c36a-4caf-bd1f-2bd368381506,Aldi,21/10/2025,30/8/2025,2208.26,12574.2,0,12574.2,NULL,INV-290228
7533,19155437620,,Jim,07d25ba5-c36a-4caf-bd1f-2bd368381506,Coles,21/10/2025,22/7/2025,793.41,4517.8,0,4517.8,NULL,INV-511424